Workbook

Sheet BIEU_RA_SOAT
A1: Phụ lục BIỂU RÀ SOÁT PHẦN MỀM, ỨNG DỤNG DO ĐƠN VỊ TỰ XÂY DỰNG
A2: (Kèm theo Công văn số /HQKV8-CNTT ngày tháng năm 2026 của Chi cục Hải quan khu vực VIII)
A4: Đơn vị báo cáo: | C4: Chi cục Hải quan khu vực VIII | H4: Ghi chú: Đơn vị không có phần mềm tự xây dựng vẫn phải báo cáo, ghi rõ "Không có".
A5: Người lập biểu / Số điện thoại: | C5: Trần Lương Khánh Anh — 0399756004
A7: STT | B7: Tên phần mềm/ứng dụng | C7: Đơn vị/cá nhân xây dựng | D7: Mục đích, phạm vi nghiệp vụ | E7: Thời điểm đưa vào sử dụng | F7: Công nghệ (ngôn ngữ, framework, CSDL) | G7: Hạ tầng triển khai (máy chủ đặt tại) | H7: Phạm vi truy cập | I7: Địa chỉ IP / Tên miền | J7: Số người dùng | K7: Loại dữ liệu xử lý | L7: Đã kiểm tra, đánh giá ATTT? | M7: Số văn bản phê duyệt đánh giá ATTT | N7: Đã xác định cấp độ ATTT? | O7: Cập nhật bản vá định kỳ? | P7: Ghi nhật ký & giám sát? | Q7: Quản trị viên (họ tên, chức vụ, SĐT) | R7: Đề xuất
A8: =IF(B8="","",ROW()-7) | B8: Hệ thống theo dõi, đánh giá KPI và Nền tảng số Chi cục Hải quan khu vực VIII (kpihaiquan.vn) | C8: Chi cục Hải quan khu vực VIII tự xây dựng (công chức của Chi cục tự phát triển, không thuê ngoài) | D8: Số hóa toàn trình kê khai công việc, thẩm định, phê duyệt, chấm điểm KPI, đánh giá tiêu chí chung và xếp loại chất lượng công chức hằng tháng/quý; mở rộng thành nền tảng số nội bộ gồm 9 phân hệ: KPI (lõi), Đào tạo trực tuyến và thi đánh giá năng lực (LMS), Họp Không Giấy, Chỉ tiêu đơn vị, Diễn đàn nghiệp vụ, Tra cứu pháp luật, Cổng thông tin nội bộ, Phân hệ dùng chung. Phạm vi: nội bộ Chi cục — 15 đơn vị. | E8: 02/02/2026 | F8: Backend: Python 3.10, FastAPI 0.141, SQLAlchemy 2.0 (async), Alembic; Frontend: Next.js 16.2, React 19, TypeScript 5, Tailwind CSS 4; CSDL: PostgreSQL 15; Web server: nginx 1.24; Quản lý tiến trình: PM2 6.0 | G8: Máy chủ ảo (Cloud VPS) thuê dịch vụ của FPT Cloud, đặt tại trung tâm dữ liệu trong nước (Việt Nam); hệ điều hành Ubuntu 24.04.4 LTS; không đặt tại phòng máy chủ của Chi cục | H8: Internet | I8: Tên miền: kpihaiquan.vn, www.kpihaiquan.vn — IP: 79.108.216.189; truy cập qua HTTPS/443 (chứng thư Let's Encrypt, tự gia hạn). Các cổng dịch vụ 3000, 8000–8007 và PostgreSQL 5432 chỉ bind nội bộ máy chủ, không mở ra Internet. | J8: 558 | K8: Dữ liệu cá nhân | L8: Có | M8: Chưa có văn bản phê duyệt. Đơn vị đã tự kiểm tra, rà quét nội bộ (bandit, pip-audit, npm audit) và khắc phục ngày 31/7/2026; đang lập hồ sơ trình kiểm tra, đánh giá ATTT theo Công văn số 153/CNTT ngày 08/7/2026. | N8: Chưa xác định | O8: Có | P8: Có | Q8: Trần Lương Khánh Anh — 0399756004 | R8: Duy trì
A9: =IF(B9="","",ROW()-7)
A10: =IF(B10="","",ROW()-7)
A11: =IF(B11="","",ROW()-7)
A12: =IF(B12="","",ROW()-7)
A13: =IF(B13="","",ROW()-7)
A14: =IF(B14="","",ROW()-7)
A15: =IF(B15="","",ROW()-7)
A16: =IF(B16="","",ROW()-7)
A17: =IF(B17="","",ROW()-7)
A18: =IF(B18="","",ROW()-7)
A19: =IF(B19="","",ROW()-7)
A20: =IF(B20="","",ROW()-7)
... A32: =IF(B32="","",ROW()-7)
B35: NGƯỜI LẬP BIỂU | O35: THỦ TRƯỞNG ĐƠN VỊ
B36: (Ký, ghi rõ họ tên) | O36: (Ký, đóng dấu)

Sheet TONG_HOP
A1: BẢNG TỔNG HỢP TỰ ĐỘNG
A2: Chỉ tiêu | B2: Kết quả
A3: Tổng số phần mềm/ứng dụng tự xây dựng | B3: =COUNTA(BIEU_RA_SOAT!B8:B30)
A4: Số ứng dụng công khai ra Internet | B4: =COUNTIF(BIEU_RA_SOAT!H8:H107,"*Internet*")
A5: Số ứng dụng ĐÃ kiểm tra, đánh giá ATTT | B5: =COUNTIF(BIEU_RA_SOAT!L8:L107,"Có")
A6: Số ứng dụng CHƯA kiểm tra, đánh giá ATTT | B6: =COUNTIF(BIEU_RA_SOAT!L8:L107,"Không")
A7: Số ứng dụng chưa xác định cấp độ ATTT | B7: =COUNTIF(BIEU_RA_SOAT!N8:N107,"Chưa xác định")
A8: Số ứng dụng chưa cập nhật bản vá định kỳ | B8: =COUNTIF(BIEU_RA_SOAT!O8:O107,"Không")
A9: Số ứng dụng chưa có ghi nhật ký, giám sát | B9: =COUNTIF(BIEU_RA_SOAT!P8:P107,"Không")
A10: Tỷ lệ ứng dụng đã đánh giá ATTT | B10: =IFERROR(B5/B3,0)
A11: Số ứng dụng đề xuất dừng công khai Internet | B11: =COUNTIF(BIEU_RA_SOAT!R8:R107,"Dừng công khai Internet")
A13: Lưu ý: Bảng này tự động tính từ sheet BIEU_RA_SOAT, không cần nhập tay.

Sheet HUONG_DAN
A1: HƯỚNG DẪN ĐIỀN BIỂU
A3: 1. | B3: Mỗi phần mềm/ứng dụng tự xây dựng ghi trên 01 dòng tại sheet BIEU_RA_SOAT (bắt đầu từ dòng 8).
A4: 2. | B4: Cột STT tự động đánh số khi cột "Tên phần mềm/ứng dụng" có dữ liệu — không cần gõ tay.
A5: 3. | B5: Các cột Phạm vi truy cập, Loại dữ liệu, Đánh giá ATTT, Cấp độ ATTT, Bản vá, Nhật ký, Đề xuất: chọn từ danh sách xổ xuống.
A6: 4. | B6: Cột "Thời điểm đưa vào sử dụng": nhập theo định dạng ngày/tháng/năm (VD: 15/03/2025).
A7: 5. | B7: Cột "Số văn bản phê duyệt đánh giá ATTT": ghi số, ký hiệu, ngày văn bản. Nếu chưa có thì để trống.
A8: 6. | B8: Phần mềm tự xây dựng bao gồm cả phần mềm do công chức đơn vị tự viết và phần mềm thuê ngoài xây dựng riêng cho đơn vị.
A9: 7. | B9: Đơn vị KHÔNG có phần mềm tự xây dựng vẫn phải báo cáo, ghi rõ "Không có" tại dòng 8 cột B.
A10: 8. | B10: Sheet TONG_HOP tự động tính toán — đơn vị không cần nhập.
A11: 9. | B11: File hoàn thành gửi về Phòng Công nghệ thông tin (bản điện tử .xlsx + bản giấy có ký, đóng dấu).
A12: 10. | B12: Căn cứ: Công văn số 20228/CHQ-CNTT ngày 12/8/2026 của Cục Hải quan; Quyết định số 1804/QĐ-TCHQ ngày 31/7/2024.
